{
    "D": {
        "0": 0.0875,
        "1": 0.04375,
        "2": 0.05,
        "3": 0.10625,
        "4": 0.05,
        "5": 0.125,
        "6": 0.09375,
        "7": 0.0,
        "8": 0.0625,
        "9": 0.0875,
        "10": 0.0625,
        "11": 0.05625,
        "12": 0.05,
        "13": 0.03125,
        "14": 0.09375
    },
    "S": {
        "0": 0.03225806451612903,
        "1": 0.05955334987593052,
        "2": 0.03722084367245657,
        "3": 0.05707196029776675,
        "4": 0.03722084367245657,
        "5": 0.05955334987593052,
        "6": 0.05459057071960298,
        "7": 0.29528535980148884,
        "8": 0.04466501240694789,
        "9": 0.04218362282878412,
        "10": 0.05459057071960298,
        "11": 0.07692307692307693,
        "12": 0.03722084367245657,
        "13": 0.05707196029776675,
        "14": 0.05459057071960298
    },
    "Q": {
        "0": 0.07534246575342465,
        "1": 0.08904109589041095,
        "2": 0.08904109589041095,
        "3": 0.0410958904109589,
        "4": 0.0821917808219178,
        "5": 0.0958904109589041,
        "6": 0.0547945205479452,
        "7": 0.0,
        "8": 0.0547945205479452,
        "9": 0.0821917808219178,
        "10": 0.04794520547945205,
        "11": 0.0684931506849315,
        "12": 0.0684931506849315,
        "13": 0.08904109589041095,
        "14": 0.06164383561643835
    },
    "V": {
        "0": 0.1095890410958904,
        "1": 0.0821917808219178,
        "2": 0.04794520547945205,
        "3": 0.0410958904109589,
        "4": 0.1095890410958904,
        "5": 0.04794520547945205,
        "6": 0.07534246575342465,
        "7": 0.0,
        "8": 0.07534246575342465,
        "9": 0.04794520547945205,
        "10": 0.0547945205479452,
        "11": 0.07534246575342465,
        "12": 0.08904109589041095,
        "13": 0.0410958904109589,
        "14": 0.10273972602739725
    },
    "E": {
        "0": 0.08144796380090498,
        "1": 0.06787330316742081,
        "2": 0.09502262443438914,
        "3": 0.058823529411764705,
        "4": 0.08144796380090498,
        "5": 0.058823529411764705,
        "6": 0.05429864253393665,
        "7": 0.0,
        "8": 0.06334841628959276,
        "9": 0.058823529411764705,
        "10": 0.08144796380090498,
        "11": 0.06334841628959276,
        "12": 0.09954751131221719,
        "13": 0.049773755656108594,
        "14": 0.08597285067873303
    },
    "P": {
        "0": 0.06477732793522267,
        "1": 0.044534412955465584,
        "2": 0.06882591093117409,
        "3": 0.06072874493927125,
        "4": 0.048582995951417005,
        "5": 0.05668016194331984,
        "6": 0.08097165991902834,
        "7": 0.0,
        "8": 0.15384615384615385,
        "9": 0.08906882591093117,
        "10": 0.0728744939271255,
        "11": 0.05668016194331984,
        "12": 0.0728744939271255,
        "13": 0.08097165991902834,
        "14": 0.048582995951417005
    },
    "T": {
        "0": 0.04,
        "1": 0.07428571428571429,
        "2": 0.06857142857142857,
        "3": 0.05714285714285714,
        "4": 0.045714285714285714,
        "5": 0.05714285714285714,
        "6": 0.011428571428571429,
        "7": 0.2857142857142857,
        "8": 0.02857142857142857,
        "9": 0.05142857142857143,
        "10": 0.06857142857142857,
        "11": 0.045714285714285714,
        "12": 0.06857142857142857,
        "13": 0.06285714285714286,
        "14": 0.03428571428571429
    },
    "L": {
        "0": 0.06060606060606061,
        "1": 0.09090909090909091,
        "2": 0.06060606060606061,
        "3": 0.06060606060606061,
        "4": 0.04040404040404041,
        "5": 0.08585858585858586,
        "6": 0.06565656565656566,
        "7": 0.0,
        "8": 0.09090909090909091,
        "9": 0.11616161616161616,
        "10": 0.08080808080808081,
        "11": 0.05555555555555555,
        "12": 0.06060606060606061,
        "13": 0.050505050505050504,
        "14": 0.08080808080808081
    },
    "M": {
        "0": 0.11538461538461539,
        "1": 0.057692307692307696,
        "2": 0.1346153846153846,
        "3": 0.057692307692307696,
        "4": 0.1346153846153846,
        "5": 0.057692307692307696,
        "6": 0.07692307692307693,
        "7": 0.0,
        "8": 0.07692307692307693,
        "9": 0.019230769230769232,
        "10": 0.057692307692307696,
        "11": 0.019230769230769232,
        "12": 0.057692307692307696,
        "13": 0.07692307692307693,
        "14": 0.057692307692307696
    },
    "G": {
        "0": 0.058823529411764705,
        "1": 0.0718954248366013,
        "2": 0.058823529411764705,
        "3": 0.0718954248366013,
        "4": 0.0718954248366013,
        "5": 0.05228758169934641,
        "6": 0.08496732026143791,
        "7": 0.0,
        "8": 0.0718954248366013,
        "9": 0.0784313725490196,
        "10": 0.08496732026143791,
        "11": 0.09803921568627451,
        "12": 0.0718954248366013,
        "13": 0.0718954248366013,
        "14": 0.05228758169934641
    },
    "A": {
        "0": 0.078125,
        "1": 0.0625,
        "2": 0.0625,
        "3": 0.0625,
        "4": 0.078125,
        "5": 0.046875,
        "6": 0.09375,
        "7": 0.0,
        "8": 0.06770833333333333,
        "9": 0.0625,
        "10": 0.078125,
        "11": 0.052083333333333336,
        "12": 0.08854166666666667,
        "13": 0.09375,
        "14": 0.07291666666666667
    },
    "R": {
        "0": 0.11333333333333333,
        "1": 0.06666666666666667,
        "2": 0.11333333333333333,
        "3": 0.08,
        "4": 0.09333333333333334,
        "5": 0.05333333333333334,
        "6": 0.06666666666666667,
        "7": 0.0,
        "8": 0.02,
        "9": 0.04666666666666667,
        "10": 0.06,
        "11": 0.08666666666666667,
        "12": 0.04,
        "13": 0.08666666666666667,
        "14": 0.07333333333333333
    },
    "N": {
        "0": 0.10256410256410256,
        "1": 0.0641025641025641,
        "2": 0.08974358974358974,
        "3": 0.05128205128205128,
        "4": 0.02564102564102564,
        "5": 0.10256410256410256,
        "6": 0.1282051282051282,
        "7": 0.0,
        "8": 0.05128205128205128,
        "9": 0.05128205128205128,
        "10": 0.0641025641025641,
        "11": 0.07692307692307693,
        "12": 0.038461538461538464,
        "13": 0.07692307692307693,
        "14": 0.07692307692307693
    },
    "K": {
        "0": 0.046296296296296294,
        "1": 0.10185185185185185,
        "2": 0.06481481481481481,
        "3": 0.10185185185185185,
        "4": 0.0787037037037037,
        "5": 0.05555555555555555,
        "6": 0.046296296296296294,
        "7": 0.0,
        "8": 0.023148148148148147,
        "9": 0.06481481481481481,
        "10": 0.08796296296296297,
        "11": 0.06481481481481481,
        "12": 0.08333333333333333,
        "13": 0.10648148148148148,
        "14": 0.07407407407407407
    },
    "I": {
        "0": 0.049019607843137254,
        "1": 0.0392156862745098,
        "2": 0.08823529411764706,
        "3": 0.06862745098039216,
        "4": 0.06862745098039216,
        "5": 0.0784313725490196,
        "6": 0.06862745098039216,
        "7": 0.0,
        "8": 0.10784313725490197,
        "9": 0.0784313725490196,
        "10": 0.0392156862745098,
        "11": 0.09803921568627451,
        "12": 0.12745098039215685,
        "13": 0.058823529411764705,
        "14": 0.029411764705882353
    },
    "H": {
        "0": 0.12903225806451613,
        "1": 0.0,
        "2": 0.06451612903225806,
        "3": 0.0967741935483871,
        "4": 0.06451612903225806,
        "5": 0.0967741935483871,
        "6": 0.0967741935483871,
        "7": 0.0,
        "8": 0.06451612903225806,
        "9": 0.0967741935483871,
        "10": 0.03225806451612903,
        "11": 0.06451612903225806,
        "12": 0.03225806451612903,
        "13": 0.0967741935483871,
        "14": 0.06451612903225806
    },
    "F": {
        "0": 0.05555555555555555,
        "1": 0.05555555555555555,
        "2": 0.037037037037037035,