{
    "G": {
        "0": 0.1,
        "1": 0.05,
        "2": 0.2,
        "3": 0.0,
        "4": 0.05,
        "5": 0.15,
        "6": 0.05,
        "7": 0.0,
        "8": 0.0,
        "9": 0.05,
        "10": 0.1,
        "11": 0.05,
        "12": 0.0,
        "13": 0.05,
        "14": 0.15
    },
    "K": {
        "0": 0.2,
        "1": 0.13333333333333333,
        "2": 0.0,
        "3": 0.13333333333333333,
        "4": 0.06666666666666667,
        "5": 0.06666666666666667,
        "6": 0.06666666666666667,
        "7": 0.0,
        "8": 0.0,
        "9": 0.06666666666666667,
        "10": 0.13333333333333333,
        "11": 0.0,
        "12": 0.0,
        "13": 0.0,
        "14": 0.13333333333333333
    },
    "A": {
        "0": 0.0625,
        "1": 0.0,
        "2": 0.125,
        "3": 0.0625,
        "4": 0.125,
        "5": 0.0625,
        "6": 0.125,
        "7": 0.0,
        "8": 0.0,
        "9": 0.125,
        "10": 0.0,
        "11": 0.125,
        "12": 0.0,
        "13": 0.0625,
        "14": 0.125
    },
    "P": {
        "0": 0.17647058823529413,
        "1": 0.17647058823529413,
        "2": 0.058823529411764705,
        "3": 0.058823529411764705,
        "4": 0.058823529411764705,
        "5": 0.058823529411764705,
        "6": 0.0,
        "7": 0.0,
        "8": 0.11764705882352941,
        "9": 0.0,
        "10": 0.058823529411764705,
        "11": 0.058823529411764705,
        "12": 0.058823529411764705,
        "13": 0.11764705882352941,
        "14": 0.0
    },
    "D": {
        "0": 0.07142857142857142,
        "1": 0.0,
        "2": 0.14285714285714285,
        "3": 0.07142857142857142,
        "4": 0.0,
        "5": 0.21428571428571427,
        "6": 0.07142857142857142,
        "7": 0.0,
        "8": 0.14285714285714285,
        "9": 0.0,
        "10": 0.0,
        "11": 0.07142857142857142,
        "12": 0.07142857142857142,
        "13": 0.14285714285714285,
        "14": 0.0
    },
    "F": {
        "0": 0.09090909090909091,
        "1": 0.0,
        "2": 0.2727272727272727,
        "3": 0.09090909090909091,
        "4": 0.0,
        "5": 0.0,
        "6": 0.0,
        "7": 0.0,
        "8": 0.09090909090909091,
        "9": 0.0,
        "10": 0.09090909090909091,
        "11": 0.09090909090909091,
        "12": 0.09090909090909091,
        "13": 0.18181818181818182,
        "14": 0.0
    },
    "R": {
        "0": 0.05263157894736842,
        "1": 0.05263157894736842,
        "2": 0.0,
        "3": 0.05263157894736842,
        "4": 0.21052631578947367,
        "5": 0.0,
        "6": 0.15789473684210525,
        "7": 0.0,
        "8": 0.10526315789473684,
        "9": 0.05263157894736842,
        "10": 0.0,
        "11": 0.0,
        "12": 0.15789473684210525,
        "13": 0.10526315789473684,
        "14": 0.05263157894736842
    },
    "I": {
        "0": 0.09090909090909091,
        "1": 0.18181818181818182,
        "2": 0.0,
        "3": 0.0,
        "4": 0.09090909090909091,
        "5": 0.09090909090909091,
        "6": 0.0,
        "7": 0.0,
        "8": 0.18181818181818182,
        "9": 0.09090909090909091,
        "10": 0.0,
        "11": 0.18181818181818182,
        "12": 0.09090909090909091,
        "13": 0.0,
        "14": 0.0
    },
    "L": {
        "0": 0.045454545454545456,
        "1": 0.045454545454545456,
        "2": 0.0,
        "3": 0.0,
        "4": 0.09090909090909091,
        "5": 0.045454545454545456,
        "6": 0.18181818181818182,
        "7": 0.0,
        "8": 0.09090909090909091,
        "9": 0.13636363636363635,
        "10": 0.13636363636363635,
        "11": 0.045454545454545456,
        "12": 0.045454545454545456,
        "13": 0.0,
        "14": 0.13636363636363635
    },
    "S": {
        "0": 0.05,
        "1": 0.0,
        "2": 0.0,
        "3": 0.1,
        "4": 0.0,
        "5": 0.05,
        "6": 0.0,
        "7": 0.5,
        "8": 0.0,
        "9": 0.0,
        "10": 0.1,
        "11": 0.0,
        "12": 0.1,
        "13": 0.05,
        "14": 0.05
    },
    "T": {
        "0": 0.0,
        "1": 0.125,
        "2": 0.0,
        "3": 0.375,
        "4": 0.0,
        "5": 0.0,
        "6": 0.0,
        "7": 0.25,
        "8": 0.0,
        "9": 0.0,
        "10": 0.125,
        "11": 0.125,
        "12": 0.0,
        "13": 0.0,
        "14": 0.0
    },
    "Y": {
        "0": 0.0,
        "1": 0.2,
        "2": 0.0,
        "3": 0.0,
        "4": 0.0,
        "5": 0.0,
        "6": 0.0,
        "7": 0.6,
        "8": 0.0,
        "9": 0.0,
        "10": 0.0,
        "11": 0.0,
        "12": 0.2,
        "13": 0.0,
        "14": 0.0
    },
    "E": {
        "0": 0.0,
        "1": 0.3333333333333333,
        "2": 0.0,
        "3": 0.0,
        "4": 0.1111111111111111,
        "5": 0.0,
        "6": 0.0,
        "7": 0.0,
        "8": 0.0,
        "9": 0.1111111111111111,
        "10": 0.1111111111111111,
        "11": 0.1111111111111111,
        "12": 0.0,
        "13": 0.1111111111111111,
        "14": 0.1111111111111111
    },
    "Q": {
        "0": 0.0,
        "1": 0.0,
        "2": 0.14285714285714285,
        "3": 0.0,
        "4": 0.0,
        "5": 0.14285714285714285,
        "6": 0.14285714285714285,
        "7": 0.0,
        "8": 0.0,
        "9": 0.14285714285714285,
        "10": 0.14285714285714285,
        "11": 0.14285714285714285,
        "12": 0.14285714285714285,
        "13": 0.0,
        "14": 0.0
    },
    "N": {
        "0": 0.0,
        "1": 0.0,
        "2": 0.14285714285714285,
        "3": 0.14285714285714285,
        "4": 0.14285714285714285,
        "5": 0.0,
        "6": 0.0,
        "7": 0.0,
        "8": 0.14285714285714285,
        "9": 0.2857142857142857,
        "10": 0.0,
        "11": 0.0,
        "12": 0.0,
        "13": 0.14285714285714285,
        "14": 0.0
    },
    "M": {
        "0": 0.0,
        "1": 0.0,
        "2": 0.2,
        "3": 0.0,
        "4": 0.0,
        "5": 0.0,
        "6": 0.2,
        "7": 0.0,
        "8": 0.0,
        "9": 0.0,
        "10": 0.0,
        "11": 0.2,
        "12": 0.2,
        "13": 0.2,
        "14": 0.0
    },
    "V": {
        "0": 0.0,
        "1": 0.0,
        "2": 0.0,
        "3": 0.07142857142857142,
        "4": 0.07142857142857142,
        "5": 0.14285714285714285,
        "6": 0.07142857142857142,
        "7": 0.0,
        "8": 0.21428571428571427,
        "9": 0.07142857142857142,
        "10": 0.0,
        "11": 0.07142857142857142,
        "12": 0.14285714285714285,
        "13": 0.07142857142857142,
        "14": 0.07142857142857142
    },
    "W": {
        "0": 0.0,
        "1": 0.0,
        "2": 0.0,
        "3": 1.0,
        "4": 0.0,
        "5": 0.0,
        "6": 0.0,
        "7": 0.0,
        "8": 0.0,
        "9": 0.0,
        "10": 0.0,
        "11": 0.0,
        "12": 0.0,
        "13": 0.0,
        "14": 0.0
    },
    "C": {
        "0": 0.0,
        "1": 0.0,
        "2": 0.0,
        "3": 0.0,
        "4": 0.0,
        "5": 0.0,
        "6": 0.0,
        "7": 0.0,
        "8": 0.0,
        "9": 1.0,
        "10": 0.0,
        "11": 0.0,
        "12": 0.0,
        "13": 0.0,
        "14": 0.0
    },
    "H": {
        "0": 0.0,
        "1": 0.0,
        "2": 0.0,
        "3": 0.0,
        "4": 0.0,
        "5": 0.0,
        "6": 0.0,
        "7": 0.0,
        "8": 0.0,
        "9": 0.0,
        "10": 0.3333333333333333,
        "11": 0.3333333333333333,
        "12": 0.0,
        "13": 0.0,
        "14": 0.3333333333333333
    }
}